[
  {
    "function": "minecraft:set_lore",
    "entity": "this",
    "lore": [
      {
        "translate": "item.durability",
        "with": [
          {
            "score": {
              "name": "@s",
              "objective": "keiba.whip"
            }
          },
          {
            "score": {
              "name": "$whip",
              "objective": "keiba.whip"
            }
          }
        ],
        "color": "white",
        "italic": false
      }
    ],
    "replace": true
  }
]
